,uncertainty,access,observation,condition,generated_answer,generated_answer_logprob
0,low,10,0,0,others,-3.77828455
1,low,10,0,0,others,-3.05953455
2,low,10,0,0,others,-1.42672205
3,low,10,0,0,others,-4.12203455
4,low,10,0,0,others,-2.65328455
6,low,10,0,0,others,-1.42672205
7,low,10,0,0,others,-1.42672205
8,low,10,0,0,others,-2.62203455
9,low,10,0,0,others,-2.65328455
10,low,10,0,0,others,-2.55172205
11,low,10,0,0,others,-1.42672205
12,low,10,0,0,others,-3.85640955
13,low,10,0,0,others,-2.97359705
14,low,10,0,0,others,-3.05953455
15,low,10,0,0,others,-4.70015955
16,low,10,0,0,others,-4.63765955
17,low,10,0,0,others,-1.42672205
18,low,10,0,0,others,-3.77828455
19,low,10,0,0,others,-4.42672205
20,low,10,0,0,others,-2.62203455
22,low,10,0,0,others,-4.87203455
23,low,10,0,0,others,-3.59078455
24,low,10,0,0,others,-4.77828455
25,low,10,0,0,others,-2.55172205
26,low,10,0,0,others,-3.05953455
27,low,10,0,0,others,-4.12203455
28,low,10,0,0,others,-2.55172205
29,low,10,0,0,others,-2.97359705
30,low,10,0,0,others,-1.42672205
31,low,10,0,0,others,-3.05953455
32,low,10,0,0,others,-2.55172205
33,low,10,0,0,others,-1.42672205
34,low,10,0,0,others,-2.62203455
35,low,10,0,0,others,-2.55172205
36,low,10,0,0,others,-2.65328455
37,low,10,0,0,others,-2.62203455
38,low,10,0,0,others,-3.99703455
39,low,10,0,0,others,-1.42672205
40,low,10,0,0,others,-1.42672205
41,low,10,0,0,others,-2.62203455
43,low,10,0,0,others,-2.65328455
44,low,10,0,0,others,-2.65328455
46,low,10,0,0,others,-2.65328455
47,low,10,0,0,others,-2.97359705
48,low,10,0,0,others,-1.42672205
49,low,10,0,0,others,-1.42672205
50,low,10,0,0,others,-3.77047205
51,low,10,0,0,others,-2.62203455
53,low,10,0,0,others,-3.85640955
54,low,10,0,0,others,-2.62203455
55,low,10,0,0,others,-1.42672205
56,low,10,0,0,others,-4.9696908
57,low,10,0,0,others,-3.05953455
58,low,10,0,0,others,-3.05953455
59,low,10,0,0,others,-4.61422205
60,low,10,0,0,others,-3.99703455
61,low,10,0,0,others,-4.61422205
62,low,10,0,0,others,-1.42672205
64,low,10,0,0,others,-2.55172205
66,low,10,0,0,others,-1.42672205
67,low,10,0,0,others,-2.85640955
68,low,10,0,0,others,-3.59859705
69,low,10,0,0,others,-2.85640955
70,low,10,0,0,others,-1.42672205
71,low,10,0,0,others,-2.97359705
72,low,10,0,0,others,-1.42672205
73,low,10,0,0,others,-1.42672205
74,low,10,0,0,others,-3.05953455
76,low,10,0,0,others,-1.42672205
77,low,10,0,0,others,-2.85640955
79,low,10,0,0,others,-2.55172205
80,low,10,0,0,others,-2.65328455
81,low,10,0,0,others,-1.42672205
83,low,10,0,0,others,-1.42672205
84,low,10,0,0,others,-3.59078455
86,low,10,0,0,others,-3.85640955
87,low,10,0,0,others,-1.42672205
89,low,10,0,0,others,-3.99703455
90,low,10,0,0,others,-1.42672205
91,low,10,0,0,others,-3.59859705
92,low,10,0,0,others,-1.42672205
93,low,10,0,0,others,-2.65328455
94,low,10,0,0,others,-2.55172205
96,low,10,0,0,others,-1.42672205
97,low,10,0,0,others,-1.42672205
98,low,10,0,0,others,-1.42672205
100,low,8,2,0.25,others,-3.792914152
101,low,8,2,0.25,others,-3.574164152
104,low,8,2,0.25,others,-4.910101891
105,low,8,2,0.25,others,-2.566351652
106,low,8,2,0.25,others,-3.847601652
107,low,8,2,0.25,others,-3.574164152
109,low,8,2,0.25,others,-4.730414391
110,low,8,2,0.25,others,-3.011664152
111,low,8,2,0.25,others,-2.605414152
112,low,8,2,0.25,others,-4.394476891
113,low,8,2,0.25,others,-2.988226652
114,low,8,2,0.25,others,-2.605414152
115,low,8,2,0.25,others,-2.597601652
116,low,8,2,0.25,others,-1.542914152
117,low,8,2,0.25,others,-2.605414152
119,low,8,2,0.25,others,-3.910101652
120,low,8,2,0.25,others,-1.542914152
121,low,8,2,0.25,others,-2.566351652
122,low,8,2,0.25,others,-2.566351652
124,low,8,2,0.25,others,-2.597601652
125,low,8,2,0.25,others,-4.121039391
126,low,8,2,0.25,others,-2.605414152
127,low,8,2,0.25,others,-2.566351652
128,low,8,2,0.25,others,-1.542914152
129,low,8,2,0.25,others,-2.988226652
130,low,8,2,0.25,others,-1.542914152
132,low,8,2,0.25,others,-2.597601652
133,low,8,2,0.25,others,-2.566351652
134,low,8,2,0.25,others,-2.886664152
135,low,8,2,0.25,others,-3.011664152
136,low,8,2,0.25,others,-3.792914152
137,low,8,2,0.25,others,-2.597601652
138,low,8,2,0.25,others,-1.542914152
139,low,8,2,0.25,others,-2.988226652
140,low,8,2,0.25,others,-1.542914152
141,low,8,2,0.25,others,-3.011664152
142,low,8,2,0.25,others,-3.847601652
144,low,8,2,0.25,others,-3.847601652
145,low,8,2,0.25,others,-1.542914152
146,low,8,2,0.25,others,-2.566351652
147,low,8,2,0.25,others,-1.542914152
148,low,8,2,0.25,others,-2.605414152
149,low,8,2,0.25,others,-1.542914152
150,low,8,2,0.25,others,-1.542914152
152,low,8,2,0.25,others,-2.605414152
153,low,8,2,0.25,others,-2.886664152
154,low,8,2,0.25,others,-1.542914152
156,low,8,2,0.25,others,-1.542914152
157,low,8,2,0.25,others,-1.542914152
158,low,8,2,0.25,others,-3.574164152
160,low,8,2,0.25,others,-2.605414152
161,low,8,2,0.25,others,-3.574164152
162,low,8,2,0.25,others,-4.230414391
163,low,8,2,0.25,others,-2.886664152
164,low,8,2,0.25,others,-2.988226652
166,low,8,2,0.25,others,-3.011664152
167,low,8,2,0.25,others,-3.574164152
168,low,8,2,0.25,others,-1.542914152
169,low,8,2,0.25,others,-3.605414152
171,low,8,2,0.25,others,-2.605414152
172,low,8,2,0.25,others,-3.011664152
173,low,8,2,0.25,others,-2.566351652
174,low,8,2,0.25,others,-1.542914152
175,low,8,2,0.25,others,-1.542914152
176,low,8,2,0.25,others,-3.910101652
177,low,8,2,0.25,others,-2.566351652
178,low,8,2,0.25,others,-2.886664152
179,low,8,2,0.25,others,-2.597601652
181,low,8,2,0.25,others,-2.605414152
182,low,8,2,0.25,others,-4.230414391
183,low,8,2,0.25,others,-2.988226652
185,low,8,2,0.25,others,-2.605414152
186,low,8,2,0.25,others,-2.605414152
187,low,8,2,0.25,others,-2.886664152
188,low,8,2,0.25,others,-2.597601652
189,low,8,2,0.25,others,-4.527289391
190,low,8,2,0.25,others,-3.605414152
191,low,8,2,0.25,others,-2.597601652
193,low,8,2,0.25,others,-1.542914152
194,low,8,2,0.25,others,-4.675726891
195,low,8,2,0.25,others,-3.605414152
197,low,8,2,0.25,others,-4.910101891
198,low,8,2,0.25,others,-1.542914152
199,low,8,2,0.25,others,-2.605414152
200,low,9,3,0.33,others,-3.838890553
202,low,9,3,0.33,others,-1.487328053
204,low,9,3,0.33,others,-3.838890553
205,low,9,3,0.33,others,-4.245140553
206,low,9,3,0.33,others,-2.612328053
207,low,9,3,0.33,others,-3.596703053
208,low,9,3,0.33,others,-3.034203053
209,low,9,3,0.33,others,-2.612328053
210,low,9,3,0.33,others,-2.612328053
211,low,9,3,0.33,others,-3.018578053
212,low,9,3,0.33,others,-2.612328053
213,low,9,3,0.33,others,-2.542015553
215,low,9,3,0.33,others,-1.487328053
216,low,9,3,0.33,others,-4.127953053
217,low,9,3,0.33,others,-2.909203053
218,low,9,3,0.33,others,-2.542015553
219,low,9,3,0.33,others,-2.612328053
221,low,9,3,0.33,others,-1.487328053
222,low,9,3,0.33,others,-1.487328053
223,low,9,3,0.33,others,-1.487328053
224,low,9,3,0.33,others,-2.573265553
225,low,9,3,0.33,others,-3.792015553
226,low,9,3,0.33,others,-2.612328053
227,low,9,3,0.33,others,-1.487328053
228,low,9,3,0.33,others,-4.846703053
229,low,9,3,0.33,others,-3.596703053
230,low,9,3,0.33,others,-1.487328053
231,low,9,3,0.33,others,-2.542015553
232,low,9,3,0.33,others,-1.487328053
234,low,9,3,0.33,others,-4.698265553
235,low,9,3,0.33,others,-2.573265553
236,low,9,3,0.33,others,-4.760765553
237,low,9,3,0.33,others,-4.245140553
238,low,9,3,0.33,others,-4.393578053
239,low,9,3,0.33,others,-2.542015553
240,low,9,3,0.33,others,-2.573265553
241,low,9,3,0.33,others,-4.651390553
242,low,9,3,0.33,others,-2.542015553
243,low,9,3,0.33,others,-2.573265553
244,low,9,3,0.33,others,-1.487328053
245,low,9,3,0.33,others,-2.573265553
246,low,9,3,0.33,others,-3.034203053
247,low,9,3,0.33,others,-3.768578053
248,low,9,3,0.33,others,-2.542015553
250,low,9,3,0.33,others,-3.018578053
251,low,9,3,0.33,others,-4.846703053
252,low,9,3,0.33,others,-3.792015553
253,low,9,3,0.33,others,-3.581078053
254,low,9,3,0.33,others,-1.487328053
255,low,9,3,0.33,others,-3.792015553
256,low,9,3,0.33,others,-2.612328053
257,low,9,3,0.33,others,-3.018578053
258,low,9,3,0.33,others,-2.612328053
259,low,9,3,0.33,others,-3.018578053
260,low,9,3,0.33,others,-3.596703053
261,low,9,3,0.33,others,-1.487328053
262,low,9,3,0.33,others,-1.487328053
264,low,9,3,0.33,others,-2.542015553
265,low,9,3,0.33,others,-1.487328053
266,low,9,3,0.33,others,-1.487328053
267,low,9,3,0.33,others,-3.034203053
268,low,9,3,0.33,others,-2.573265553
269,low,9,3,0.33,others,-2.573265553
271,low,9,3,0.33,others,-4.760765553
272,low,9,3,0.33,others,-4.127953053
273,low,9,3,0.33,others,-3.596703053
274,low,9,3,0.33,others,-3.596703053
275,low,9,3,0.33,others,-1.487328053
276,low,9,3,0.33,others,-1.487328053
277,low,9,3,0.33,others,-2.573265553
278,low,9,3,0.33,others,-4.909203053
279,low,9,3,0.33,others,-3.034203053
280,low,9,3,0.33,others,-1.487328053
281,low,9,3,0.33,others,-2.542015553
282,low,9,3,0.33,others,-2.573265553
283,low,9,3,0.33,others,-1.487328053
284,low,9,3,0.33,others,-4.245140553
285,low,9,3,0.33,others,-2.612328053
286,low,9,3,0.33,others,-2.909203053
287,low,9,3,0.33,others,-3.838890553
289,low,9,3,0.33,others,-1.487328053
290,low,9,3,0.33,others,-1.487328053
291,low,9,3,0.33,others,-1.487328053
292,low,9,3,0.33,others,-1.487328053
293,low,9,3,0.33,others,-2.542015553
294,low,9,3,0.33,others,-1.487328053
295,low,9,3,0.33,others,-1.487328053
296,low,9,3,0.33,others,-3.018578053
297,low,9,3,0.33,others,-3.581078053
299,low,9,3,0.33,others,-3.034203053
301,low,8,4,0.5,others,-1.484011173
302,low,8,4,0.5,others,-1.484011173
304,low,8,4,0.5,others,-4.187136173
305,low,8,4,0.5,others,-3.062136173
306,low,8,4,0.5,others,-1.484011173
307,low,8,4,0.5,others,-2.609011173
308,low,8,4,0.5,others,-3.577761173
309,low,8,4,0.5,others,-1.484011173
310,low,8,4,0.5,others,-1.484011173
311,low,8,4,0.5,others,-3.609011173
312,low,8,4,0.5,others,-2.601198673
313,low,8,4,0.5,others,-2.609011173
314,low,8,4,0.5,others,-3.843386173
315,low,8,4,0.5,others,-2.609011173
317,low,8,4,0.5,others,-2.562136173
318,low,8,4,0.5,others,-1.484011173
320,low,8,4,0.5,others,-3.062136173
321,low,8,4,0.5,others,-1.484011173
322,low,8,4,0.5,others,-4.855104923
323,low,8,4,0.5,others,-4.929323673
324,low,8,4,0.5,others,-4.648073673
325,low,8,4,0.5,others,-4.124636173
326,low,8,4,0.5,others,-2.898073673
327,low,8,4,0.5,others,-2.562136173
328,low,8,4,0.5,others,-2.562136173
329,low,8,4,0.5,others,-1.484011173
331,low,8,4,0.5,others,-3.734011173
332,low,8,4,0.5,others,-1.484011173
334,low,8,4,0.5,others,-1.484011173
335,low,8,4,0.5,others,-2.609011173
336,low,8,4,0.5,others,-4.530886173
337,low,8,4,0.5,others,-3.937136173
338,low,8,4,0.5,others,-2.601198673
339,low,8,4,0.5,others,-2.898073673
340,low,8,4,0.5,others,-1.484011173
341,low,8,4,0.5,others,-4.210573673
342,low,8,4,0.5,others,-2.898073673
343,low,8,4,0.5,others,-2.898073673
344,low,8,4,0.5,others,-4.749636173
345,low,8,4,0.5,others,-1.484011173
346,low,8,4,0.5,others,-1.484011173
347,low,8,4,0.5,others,-4.187136173
348,low,8,4,0.5,others,-2.609011173
349,low,8,4,0.5,others,-1.484011173
350,low,8,4,0.5,others,-2.609011173
351,low,8,4,0.5,others,-1.484011173
352,low,8,4,0.5,others,-1.484011173
353,low,8,4,0.5,others,-3.007448673
354,low,8,4,0.5,others,-1.484011173
355,low,8,4,0.5,others,-2.609011173
356,low,8,4,0.5,others,-4.210573673
357,low,8,4,0.5,others,-1.484011173
358,low,8,4,0.5,others,-4.655886173
359,low,8,4,0.5,others,-2.898073673
361,low,8,4,0.5,others,-2.562136173
362,low,8,4,0.5,others,-3.843386173
363,low,8,4,0.5,others,-2.898073673
364,low,8,4,0.5,others,-1.484011173
365,low,8,4,0.5,others,-4.929323673
366,low,8,4,0.5,others,-2.562136173
367,low,8,4,0.5,others,-1.484011173
368,low,8,4,0.5,others,-2.609011173
369,low,8,4,0.5,others,-2.562136173
370,low,8,4,0.5,others,-2.898073673
371,low,8,4,0.5,others,-3.577761173
372,low,8,4,0.5,others,-2.562136173
373,low,8,4,0.5,others,-1.484011173
374,low,8,4,0.5,others,-2.609011173
375,low,8,4,0.5,others,-1.484011173
376,low,8,4,0.5,others,-2.898073673
377,low,8,4,0.5,others,-3.007448673
378,low,8,4,0.5,others,-1.484011173
380,low,8,4,0.5,others,-3.734011173
381,low,8,4,0.5,others,-1.484011173
382,low,8,4,0.5,others,-3.609011173
383,low,8,4,0.5,others,-2.609011173
384,low,8,4,0.5,others,-2.609011173
385,low,8,4,0.5,others,-3.843386173
386,low,8,4,0.5,others,-2.562136173
387,low,8,4,0.5,others,-3.609011173
388,low,8,4,0.5,others,-2.898073673
389,low,8,4,0.5,others,-2.898073673
390,low,8,4,0.5,others,-3.577761173
391,low,8,4,0.5,others,-1.484011173
392,low,8,4,0.5,others,-1.484011173
393,low,8,4,0.5,others,-3.734011173
394,low,8,4,0.5,others,-1.484011173
395,low,8,4,0.5,others,-1.484011173
396,low,8,4,0.5,others,-2.601198673
397,low,8,4,0.5,others,-2.898073673
398,low,8,4,0.5,others,-1.484011173
399,low,8,4,0.5,others,-3.007448673
400,low,9,6,0.67,others,-4.526231766
401,low,9,6,0.67,others,-1.518419385
402,low,9,6,0.67,others,-1.518419385
403,low,9,6,0.67,others,-2.612169266
404,low,9,6,0.67,others,-3.784044266
405,low,9,6,0.67,others,-3.002794266
407,low,9,6,0.67,others,-2.549669266
408,low,9,6,0.67,others,-1.518419385
409,low,9,6,0.67,others,-2.612169266
410,low,9,6,0.67,others,-2.565294266
411,low,9,6,0.67,others,-2.549669266
412,low,9,6,0.67,others,-2.869981766
413,low,9,6,0.67,others,-4.909044266
414,low,9,6,0.67,others,-4.127794266
415,low,9,6,0.67,others,-4.127794266
416,low,9,6,0.67,others,-4.393419266
418,low,9,6,0.67,others,-1.518419385
419,low,9,6,0.67,others,-3.784044266
420,low,9,6,0.67,others,-3.752794266
422,low,9,6,0.67,others,-2.565294266
423,low,9,6,0.67,others,-2.565294266
424,low,9,6,0.67,others,-3.573106766
425,low,9,6,0.67,others,-1.518419385
426,low,9,6,0.67,others,-1.518419385
427,low,9,6,0.67,others,-2.612169266
428,low,9,6,0.67,others,-1.518419385
429,low,9,6,0.67,others,-1.518419385
430,low,9,6,0.67,others,-3.018419266
431,low,9,6,0.67,others,-2.565294266
432,low,9,6,0.67,others,-1.518419385
433,low,9,6,0.67,others,-4.127794266
434,low,9,6,0.67,others,-1.518419385
435,low,9,6,0.67,others,-1.518419385
436,low,9,6,0.67,others,-3.838731766
437,low,9,6,0.67,others,-2.565294266
438,low,9,6,0.67,others,-3.588731766
439,low,9,6,0.67,others,-2.612169266
440,low,9,6,0.67,others,-2.565294266
441,low,9,6,0.67,others,-4.221544266
442,low,9,6,0.67,others,-1.518419385
443,low,9,6,0.67,others,-2.869981766
444,low,9,6,0.67,others,-3.838731766
445,low,9,6,0.67,others,-2.549669266
446,low,9,6,0.67,others,-4.674669266
447,low,9,6,0.67,others,-4.674669266
448,low,9,6,0.67,others,-1.518419385
449,low,9,6,0.67,others,-3.002794266
450,low,9,6,0.67,others,-2.549669266
451,low,9,6,0.67,others,-2.549669266
452,low,9,6,0.67,others,-1.518419385
453,low,9,6,0.67,others,-3.002794266
454,low,9,6,0.67,others,-2.612169266
455,low,9,6,0.67,others,-3.002794266
456,low,9,6,0.67,others,-1.518419385
457,low,9,6,0.67,others,-3.784044266
459,low,9,6,0.67,others,-2.549669266
460,low,9,6,0.67,others,-4.635606766
462,low,9,6,0.67,others,-4.237169266
463,low,9,6,0.67,others,-1.518419385
464,low,9,6,0.67,others,-2.869981766
465,low,9,6,0.67,others,-1.518419385
468,low,9,6,0.67,others,-1.518419385
470,low,9,6,0.67,others,-2.612169266
471,low,9,6,0.67,others,-3.838731766
472,low,9,6,0.67,others,-3.924669266
473,low,9,6,0.67,others,-4.635606766
475,low,9,6,0.67,others,-3.838731766
476,low,9,6,0.67,others,-4.221544266
477,low,9,6,0.67,others,-2.565294266
479,low,9,6,0.67,others,-3.018419266
480,low,9,6,0.67,others,-3.588731766
481,low,9,6,0.67,others,-4.635606766
482,low,9,6,0.67,others,-1.518419385
483,low,9,6,0.67,others,-4.909044266
485,low,9,6,0.67,others,-3.573106766
486,low,9,6,0.67,others,-1.518419385
487,low,9,6,0.67,others,-4.237169266
488,low,9,6,0.67,others,-2.565294266
489,low,9,6,0.67,others,-1.518419385
491,low,9,6,0.67,others,-2.869981766
493,low,9,6,0.67,others,-1.518419385
494,low,9,6,0.67,others,-2.612169266
495,low,9,6,0.67,others,-2.612169266
496,low,9,6,0.67,others,-1.518419385
497,low,9,6,0.67,others,-3.588731766
498,low,9,6,0.67,others,-2.869981766
499,low,9,6,0.67,others,-1.518419385
500,low,8,6,0.75,others,-4.13952446
501,low,8,6,0.75,others,-2.56139946
502,low,8,6,0.75,others,-3.83483696
503,low,8,6,0.75,others,-3.79577446
504,low,8,6,0.75,others,-1.530149579
505,low,8,6,0.75,others,-1.530149579
506,low,8,6,0.75,others,-1.530149579
507,low,8,6,0.75,others,-2.60046196
508,low,8,6,0.75,others,-2.60046196
509,low,8,6,0.75,others,-2.60046196
510,low,8,6,0.75,others,-4.57702446
511,low,8,6,0.75,others,-2.56139946
512,low,8,6,0.75,others,-3.59264946
513,low,8,6,0.75,others,-2.58483696
514,low,8,6,0.75,others,-2.60046196
515,low,8,6,0.75,others,-1.530149579
516,low,8,6,0.75,others,-2.56139946
517,low,8,6,0.75,others,-3.56139946
518,low,8,6,0.75,others,-3.59264946
519,low,8,6,0.75,others,-1.530149579
520,low,8,6,0.75,others,-2.56139946
521,low,8,6,0.75,others,-3.92077446
523,low,8,6,0.75,others,-1.530149579
525,low,8,6,0.75,others,-1.530149579
526,low,8,6,0.75,others,-1.530149579
527,low,8,6,0.75,others,-2.58483696
528,low,8,6,0.75,others,-1.530149579
529,low,8,6,0.75,others,-3.79577446
530,low,8,6,0.75,others,-3.56139946
531,low,8,6,0.75,others,-1.530149579
532,low,8,6,0.75,others,-2.89733696
533,low,8,6,0.75,others,-3.59264946
534,low,8,6,0.75,others,-1.530149579
535,low,8,6,0.75,others,-2.56139946
536,low,8,6,0.75,others,-3.59264946
539,low,8,6,0.75,others,-1.530149579
540,low,8,6,0.75,others,-2.60046196
541,low,8,6,0.75,others,-2.89733696
542,low,8,6,0.75,others,-1.530149579
543,low,8,6,0.75,others,-2.56139946
544,low,8,6,0.75,others,-3.59264946
546,low,8,6,0.75,others,-3.59264946
547,low,8,6,0.75,others,-3.83483696
548,low,8,6,0.75,others,-2.60046196
549,low,8,6,0.75,others,-2.58483696
550,low,8,6,0.75,others,-2.99889946
551,low,8,6,0.75,others,-2.99889946
552,low,8,6,0.75,others,-2.56139946
553,low,8,6,0.75,others,-2.56139946
555,low,8,6,0.75,others,-3.56139946
556,low,8,6,0.75,others,-1.530149579
557,low,8,6,0.75,others,-2.56139946
558,low,8,6,0.75,others,-1.530149579
559,low,8,6,0.75,others,-2.60046196
560,low,8,6,0.75,others,-3.79577446
561,low,8,6,0.75,others,-4.22546196
562,low,8,6,0.75,others,-1.530149579
563,low,8,6,0.75,others,-2.60046196
564,low,8,6,0.75,others,-1.530149579
565,low,8,6,0.75,others,-3.56139946
566,low,8,6,0.75,others,-4.53014946
567,low,8,6,0.75,others,-4.67858696
568,low,8,6,0.75,others,-1.530149579
569,low,8,6,0.75,others,-1.530149579
571,low,8,6,0.75,others,-3.03014946
572,low,8,6,0.75,others,-2.58483696
573,low,8,6,0.75,others,-3.03014946
575,low,8,6,0.75,others,-3.68639946
576,low,8,6,0.75,others,-1.530149579
577,low,8,6,0.75,others,-4.39733696
578,low,8,6,0.75,others,-4.22546196
579,low,8,6,0.75,others,-1.530149579
580,low,8,6,0.75,others,-3.92077446
581,low,8,6,0.75,others,-1.530149579
582,low,8,6,0.75,others,-4.13171196
583,low,8,6,0.75,others,-2.56139946
585,low,8,6,0.75,others,-2.99889946
586,low,8,6,0.75,others,-2.89733696
587,low,8,6,0.75,others,-3.83483696
588,low,8,6,0.75,others,-2.60046196
590,low,8,6,0.75,others,-3.03014946
591,low,8,6,0.75,others,-2.56139946
592,low,8,6,0.75,others,-4.53014946
593,low,8,6,0.75,others,-3.83483696
594,low,8,6,0.75,others,-2.60046196
595,low,8,6,0.75,others,-1.530149579
596,low,8,6,0.75,others,-2.56139946
597,low,8,6,0.75,others,-1.530149579
598,low,8,6,0.75,others,-1.530149579
599,low,8,6,0.75,others,-3.59264946
600,low,10,10,1,others,-4.790214062
601,low,10,10,1,others,-3.008964062
603,low,10,10,1,others,-2.657401562
604,low,10,10,1,others,-1.399589062
605,low,10,10,1,others,-3.555839062
606,low,10,10,1,others,-1.399589062
608,low,10,10,1,others,-1.399589062
609,low,10,10,1,others,-1.399589062
610,low,10,10,1,others,-2.555839062
611,low,10,10,1,others,-2.657401562
612,low,10,10,1,others,-1.399589062
614,low,10,10,1,others,-4.665214062
615,low,10,10,1,others,-3.055839062
616,low,10,10,1,others,-3.055839062
618,low,10,10,1,others,-4.251151562
620,low,10,10,1,others,-1.399589062
621,low,10,10,1,others,-2.555839062
622,low,10,10,1,others,-1.399589062
623,low,10,10,1,others,-1.399589062
624,low,10,10,1,others,-2.657401562
625,low,10,10,1,others,-1.399589062
626,low,10,10,1,others,-3.555839062
627,low,10,10,1,others,-3.977714062
628,low,10,10,1,others,-2.626151562
629,low,10,10,1,others,-3.977714062
630,low,10,10,1,others,-2.626151562
631,low,10,10,1,others,-2.657401562
632,low,10,10,1,others,-1.399589062
633,low,10,10,1,others,-2.923026562
634,low,10,10,1,others,-2.626151562
635,low,10,10,1,others,-2.555839062
636,low,10,10,1,others,-3.008964062
638,low,10,10,1,others,-3.977714062
639,low,10,10,1,others,-3.008964062
640,low,10,10,1,others,-2.923026562
641,low,10,10,1,others,-1.399589062
642,low,10,10,1,others,-2.626151562
643,low,10,10,1,others,-1.399589062
644,low,10,10,1,others,-3.555839062
645,low,10,10,1,others,-3.563651562
646,low,10,10,1,others,-2.555839062
647,low,10,10,1,others,-1.399589062
648,low,10,10,1,others,-3.055839062
650,low,10,10,1,others,-1.399589062
652,low,10,10,1,others,-1.399589062
653,low,10,10,1,others,-3.790214062
654,low,10,10,1,others,-4.204276562
655,low,10,10,1,others,-2.555839062
656,low,10,10,1,others,-3.055839062
657,low,10,10,1,others,-4.204276562
658,low,10,10,1,others,-1.399589062
659,low,10,10,1,others,-3.977714062
660,low,10,10,1,others,-2.555839062
661,low,10,10,1,others,-4.555839062
663,low,10,10,1,others,-3.555839062
664,low,10,10,1,others,-4.423026562
666,low,10,10,1,others,-2.657401562
667,low,10,10,1,others,-4.532401562
668,low,10,10,1,others,-2.626151562
669,low,10,10,1,others,-3.055839062
670,low,10,10,1,others,-3.055839062
672,low,10,10,1,others,-3.055839062
673,low,10,10,1,others,-2.626151562
674,low,10,10,1,others,-3.555839062
675,low,10,10,1,others,-2.555839062
676,low,10,10,1,others,-2.555839062
677,low,10,10,1,others,-3.008964062
679,low,10,10,1,others,-2.657401562
680,low,10,10,1,others,-3.563651562
681,low,10,10,1,others,-2.657401562
683,low,10,10,1,others,-3.563651562
684,low,10,10,1,others,-3.751151562
685,low,10,10,1,others,-2.555839062
686,low,10,10,1,others,-1.399589062
687,low,10,10,1,others,-2.626151562
688,low,10,10,1,others,-3.790214062
689,low,10,10,1,others,-2.657401562
691,low,10,10,1,others,-2.923026562
692,low,10,10,1,others,-3.977714062
693,low,10,10,1,others,-1.399589062
695,low,10,10,1,others,-2.923026562
696,low,10,10,1,others,-4.204276562
697,low,10,10,1,others,-2.657401562
698,low,10,10,1,others,-1.399589062
699,low,10,10,1,others,-2.923026562
701,high,2,0,0,others,-1.507034659
702,high,2,0,0,others,-3.827347279
703,high,2,0,0,others,-2.639847279
704,high,2,0,0,others,-2.616409779
705,high,2,0,0,others,-2.967972279
706,high,2,0,0,others,-1.507034659
707,high,2,0,0,others,-1.507034659
708,high,2,0,0,others,-2.639847279
709,high,2,0,0,others,-1.507034659
710,high,2,0,0,others,-3.007034779
711,high,2,0,0,others,-2.967972279
712,high,2,0,0,others,-2.749222279
713,high,2,0,0,others,-2.616409779
714,high,2,0,0,others,-2.522659779
715,high,2,0,0,others,-1.507034659
716,high,2,0,0,others,-3.007034779
718,high,2,0,0,others,-1.507034659
719,high,2,0,0,others,-2.639847279
720,high,2,0,0,others,-4.647659779
721,high,2,0,0,others,-2.749222279
722,high,2,0,0,others,-2.749222279
723,high,2,0,0,others,-3.632034779
724,high,2,0,0,others,-3.007034779
725,high,2,0,0,others,-1.507034659
726,high,2,0,0,others,-1.507034659
727,high,2,0,0,others,-4.280472279
728,high,2,0,0,others,-2.749222279
729,high,2,0,0,others,-1.507034659
730,high,2,0,0,others,-2.749222279
731,high,2,0,0,others,-4.647659779
732,high,2,0,0,others,-2.616409779
733,high,2,0,0,others,-4.776566029
735,high,2,0,0,others,-4.499222279
736,high,2,0,0,others,-2.639847279
737,high,2,0,0,others,-4.647659779
738,high,2,0,0,others,-3.007034779
740,high,2,0,0,others,-3.827347279
741,high,2,0,0,others,-4.085159779
742,high,2,0,0,others,-2.522659779
743,high,2,0,0,others,-1.507034659
744,high,2,0,0,others,-2.616409779
745,high,2,0,0,others,-2.522659779
746,high,2,0,0,others,-4.823441029
747,high,2,0,0,others,-3.007034779
748,high,2,0,0,others,-3.600784779
749,high,2,0,0,others,-2.639847279
750,high,2,0,0,others,-2.967972279
751,high,2,0,0,others,-2.616409779
752,high,2,0,0,others,-2.639847279
754,high,2,0,0,others,-4.085159779
755,high,2,0,0,others,-1.507034659
757,high,2,0,0,others,-4.499222279
758,high,2,0,0,others,-2.616409779
759,high,2,0,0,others,-1.507034659
760,high,2,0,0,others,-1.507034659
761,high,2,0,0,others,-3.819534779
762,high,2,0,0,others,-1.507034659
763,high,2,0,0,others,-1.507034659
765,high,2,0,0,others,-2.522659779
766,high,2,0,0,others,-1.507034659
767,high,2,0,0,others,-3.007034779
768,high,2,0,0,others,-3.827347279
769,high,2,0,0,others,-2.522659779
770,high,2,0,0,others,-3.600784779
771,high,2,0,0,others,-2.522659779
772,high,2,0,0,others,-2.749222279
773,high,2,0,0,others,-1.507034659
774,high,2,0,0,others,-1.507034659
775,high,2,0,0,others,-3.600784779
776,high,2,0,0,others,-2.522659779
777,high,2,0,0,others,-2.967972279
778,high,2,0,0,others,-2.639847279
779,high,2,0,0,others,-2.522659779
780,high,2,0,0,others,-3.827347279
781,high,2,0,0,others,-3.632034779
782,high,2,0,0,others,-2.967972279
783,high,2,0,0,others,-2.522659779
785,high,2,0,0,others,-3.007034779
786,high,2,0,0,others,-1.507034659
787,high,2,0,0,others,-1.507034659
788,high,2,0,0,others,-2.522659779
789,high,2,0,0,others,-4.909378529
790,high,2,0,0,others,-3.827347279
791,high,2,0,0,others,-2.639847279
792,high,2,0,0,others,-2.522659779
793,high,2,0,0,others,-3.600784779
794,high,2,0,0,others,-3.007034779
795,high,2,0,0,others,-2.749222279
797,high,2,0,0,others,-2.749222279
798,high,2,0,0,others,-1.507034659
799,high,2,0,0,others,-3.007034779
800,high,4,1,0.25,others,-1.484062672
801,high,4,1,0.25,others,-3.570000172
802,high,4,1,0.25,others,-1.484062672
803,high,4,1,0.25,others,-3.054375172
804,high,4,1,0.25,others,-2.546562672
805,high,4,1,0.25,others,-1.484062672
806,high,4,1,0.25,others,-2.546562672
807,high,4,1,0.25,others,-3.570000172
808,high,4,1,0.25,others,-3.968437672
809,high,4,1,0.25,others,-4.109062672
810,high,4,1,0.25,others,-3.968437672
811,high,4,1,0.25,others,-1.484062672
812,high,4,1,0.25,others,-3.015312672
813,high,4,1,0.25,others,-1.484062672
814,high,4,1,0.25,others,-3.570000172
815,high,4,1,0.25,others,-2.601250172
816,high,4,1,0.25,others,-1.484062672
817,high,4,1,0.25,others,-3.968437672
819,high,4,1,0.25,others,-3.632500172
820,high,4,1,0.25,others,-2.546562672
823,high,4,1,0.25,others,-3.054375172
824,high,4,1,0.25,others,-3.757500172
825,high,4,1,0.25,others,-1.484062672
826,high,4,1,0.25,others,-3.796562672
827,high,4,1,0.25,others,-1.484062672
828,high,4,1,0.25,others,-3.015312672
829,high,4,1,0.25,others,-1.484062672
830,high,4,1,0.25,others,-3.835625172
831,high,4,1,0.25,others,-4.218437672
832,high,4,1,0.25,others,-3.015312672
833,high,4,1,0.25,others,-3.796562672
834,high,4,1,0.25,others,-1.484062672
836,high,4,1,0.25,others,-2.577812672
839,high,4,1,0.25,others,-4.382500172
840,high,4,1,0.25,others,-2.929375172
841,high,4,1,0.25,others,-2.546562672
842,high,4,1,0.25,others,-3.757500172
843,high,4,1,0.25,others,-2.577812672
844,high,4,1,0.25,others,-2.546562672
845,high,4,1,0.25,others,-3.015312672
847,high,4,1,0.25,others,-3.015312672
848,high,4,1,0.25,others,-1.484062672
849,high,4,1,0.25,others,-1.484062672
850,high,4,1,0.25,others,-2.929375172
851,high,4,1,0.25,others,-4.835625172
852,high,4,1,0.25,others,-3.054375172
853,high,4,1,0.25,others,-2.546562672
854,high,4,1,0.25,others,-4.757500172
855,high,4,1,0.25,others,-3.570000172
856,high,4,1,0.25,others,-2.577812672
857,high,4,1,0.25,others,-2.546562672
858,high,4,1,0.25,others,-3.054375172
859,high,4,1,0.25,others,-3.570000172
860,high,4,1,0.25,others,-1.484062672
861,high,4,1,0.25,others,-4.640312672
862,high,4,1,0.25,others,-2.929375172
863,high,4,1,0.25,others,-4.109062672
864,high,4,1,0.25,others,-4.679375172
865,high,4,1,0.25,others,-1.484062672
866,high,4,1,0.25,others,-3.570000172
868,high,4,1,0.25,others,-1.484062672
869,high,4,1,0.25,others,-2.601250172
870,high,4,1,0.25,others,-3.015312672
871,high,4,1,0.25,others,-3.968437672
872,high,4,1,0.25,others,-2.577812672
873,high,4,1,0.25,others,-2.929375172
874,high,4,1,0.25,others,-2.577812672
875,high,4,1,0.25,others,-3.570000172
876,high,4,1,0.25,others,-2.601250172
877,high,4,1,0.25,others,-3.632500172
878,high,4,1,0.25,others,-4.679375172
879,high,4,1,0.25,others,-2.601250172
880,high,4,1,0.25,others,-1.484062672
882,high,4,1,0.25,others,-3.015312672
883,high,4,1,0.25,others,-3.757500172
884,high,4,1,0.25,others,-3.835625172
885,high,4,1,0.25,others,-4.515312672
886,high,4,1,0.25,others,-1.484062672
887,high,4,1,0.25,others,-3.570000172
889,high,4,1,0.25,others,-2.546562672
890,high,4,1,0.25,others,-1.484062672
891,high,4,1,0.25,others,-2.601250172
892,high,4,1,0.25,others,-3.632500172
893,high,4,1,0.25,others,-2.929375172
894,high,4,1,0.25,others,-1.484062672
895,high,4,1,0.25,others,-3.570000172
897,high,4,1,0.25,others,-1.484062672
898,high,4,1,0.25,others,-1.484062672
900,high,3,1,0.33,others,-2.553322315
901,high,3,1,0.33,others,-2.553322315
902,high,3,1,0.33,others,-4.381447315
903,high,3,1,0.33,others,-2.615822315
904,high,3,1,0.33,others,-4.240822315
905,high,3,1,0.33,others,-4.123634815
906,high,3,1,0.33,others,-4.240822315
907,high,3,1,0.33,others,-2.615822315
908,high,3,1,0.33,others,-3.608009815
909,high,3,1,0.33,others,-4.834572315
910,high,3,1,0.33,others,-1.522072315
911,high,3,1,0.33,others,-4.529884815
912,high,3,1,0.33,others,-1.522072315
913,high,3,1,0.33,others,-1.522072315
914,high,3,1,0.33,others,-3.006447315
915,high,3,1,0.33,others,-3.022072315
916,high,3,1,0.33,others,-3.022072315
917,high,3,1,0.33,others,-1.522072315
918,high,3,1,0.33,others,-1.522072315
920,high,3,1,0.33,others,-4.123634815
921,high,3,1,0.33,others,-3.022072315
922,high,3,1,0.33,others,-2.553322315
923,high,3,1,0.33,others,-3.834572315
924,high,3,1,0.33,others,-3.787697315
926,high,3,1,0.33,others,-2.553322315
927,high,3,1,0.33,others,-3.022072315
928,high,3,1,0.33,others,-1.522072315
929,high,3,1,0.33,others,-3.568947315
930,high,3,1,0.33,others,-2.615822315
931,high,3,1,0.33,others,-3.787697315
933,high,3,1,0.33,others,-2.553322315
934,high,3,1,0.33,others,-2.553322315
935,high,3,1,0.33,others,-1.522072315
936,high,3,1,0.33,others,-1.522072315
937,high,3,1,0.33,others,-3.787697315
938,high,3,1,0.33,others,-3.787697315
939,high,3,1,0.33,others,-3.787697315
940,high,3,1,0.33,others,-1.522072315
941,high,3,1,0.33,others,-2.553322315
942,high,3,1,0.33,others,-1.522072315
944,high,3,1,0.33,others,-2.881447315
945,high,3,1,0.33,others,-2.881447315
946,high,3,1,0.33,others,-2.615822315
947,high,3,1,0.33,others,-1.522072315
948,high,3,1,0.33,others,-2.553322315
949,high,3,1,0.33,others,-4.123634815
950,high,3,1,0.33,others,-1.522072315
951,high,3,1,0.33,others,-4.764259815
952,high,3,1,0.33,others,-3.022072315
953,high,3,1,0.33,others,-3.022072315
954,high,3,1,0.33,others,-3.568947315
955,high,3,1,0.33,others,-4.240822315
956,high,3,1,0.33,others,-1.522072315
958,high,3,1,0.33,others,-4.764259815
960,high,3,1,0.33,others,-2.553322315
961,high,3,1,0.33,others,-4.639259815
962,high,3,1,0.33,others,-1.522072315
963,high,3,1,0.33,others,-2.881447315
965,high,3,1,0.33,others,-1.522072315
966,high,3,1,0.33,others,-3.951759815
967,high,3,1,0.33,others,-1.522072315
968,high,3,1,0.33,others,-3.006447315
969,high,3,1,0.33,others,-2.553322315
971,high,3,1,0.33,others,-2.545509815
973,high,3,1,0.33,others,-3.608009815
974,high,3,1,0.33,others,-1.522072315
976,high,3,1,0.33,others,-3.951759815
977,high,3,1,0.33,others,-2.553322315
978,high,3,1,0.33,others,-1.522072315
979,high,3,1,0.33,others,-1.522072315
980,high,3,1,0.33,others,-3.006447315
981,high,3,1,0.33,others,-1.522072315
983,high,3,1,0.33,others,-4.631447315
984,high,3,1,0.33,others,-4.123634815
985,high,3,1,0.33,others,-4.639259815
986,high,3,1,0.33,others,-3.022072315
987,high,3,1,0.33,others,-2.615822315
988,high,3,1,0.33,others,-2.545509815
989,high,3,1,0.33,others,-3.022072315
990,high,3,1,0.33,others,-3.951759815
991,high,3,1,0.33,others,-2.615822315
992,high,3,1,0.33,others,-3.022072315
993,high,3,1,0.33,others,-1.522072315
994,high,3,1,0.33,others,-4.834572315
995,high,3,1,0.33,others,-1.522072315
996,high,3,1,0.33,others,-2.881447315
997,high,3,1,0.33,others,-2.545509815
998,high,3,1,0.33,others,-2.881447315
1000,high,4,2,0.5,others,-2.545302868
1001,high,4,2,0.5,others,-4.381240368
1002,high,4,2,0.5,others,-2.584365368
1003,high,4,2,0.5,others,-2.545302868
1005,high,4,2,0.5,others,-4.514052868
1006,high,4,2,0.5,others,-1.506240368
1007,high,4,2,0.5,others,-2.599990368
1008,high,4,2,0.5,others,-3.631240368
1009,high,4,2,0.5,others,-1.506240368
1010,high,4,2,0.5,others,-2.599990368
1011,high,4,2,0.5,others,-2.584365368
1012,high,4,2,0.5,others,-1.506240368
1013,high,4,2,0.5,others,-4.838271618
1014,high,4,2,0.5,others,-2.584365368
1015,high,4,2,0.5,others,-1.506240368
1016,high,4,2,0.5,others,-3.631240368
1017,high,4,2,0.5,others,-2.904677868
1018,high,4,2,0.5,others,-1.506240368
1019,high,4,2,0.5,others,-2.545302868
1021,high,4,2,0.5,others,-2.904677868
1022,high,4,2,0.5,others,-2.584365368
1023,high,4,2,0.5,others,-3.740615368
1024,high,4,2,0.5,others,-3.951552868
1025,high,4,2,0.5,others,-2.599990368
1027,high,4,2,0.5,others,-4.193740368
1028,high,4,2,0.5,others,-3.568740368
1030,high,4,2,0.5,others,-3.826552868
1031,high,4,2,0.5,others,-3.826552868
1032,high,4,2,0.5,others,-3.826552868
1034,high,4,2,0.5,others,-3.568740368
1035,high,4,2,0.5,others,-1.506240368
1036,high,4,2,0.5,others,-1.506240368
1037,high,4,2,0.5,others,-2.599990368
1038,high,4,2,0.5,others,-3.951552868
1039,high,4,2,0.5,others,-3.053115368
1040,high,4,2,0.5,others,-3.826552868
1041,high,4,2,0.5,others,-4.107802868
1042,high,4,2,0.5,others,-1.506240368
1043,high,4,2,0.5,others,-1.506240368
1044,high,4,2,0.5,others,-2.904677868
1046,high,4,2,0.5,others,-2.599990368
1047,high,4,2,0.5,others,-2.599990368
1048,high,4,2,0.5,others,-2.904677868
1049,high,4,2,0.5,others,-2.599990368
1051,high,4,2,0.5,others,-2.599990368
1052,high,4,2,0.5,others,-3.795302868
1053,high,4,2,0.5,others,-4.193740368
1055,high,4,2,0.5,others,-1.506240368
1056,high,4,2,0.5,others,-2.584365368
1057,high,4,2,0.5,others,-2.998427868
1059,high,4,2,0.5,others,-3.951552868
1060,high,4,2,0.5,others,-2.545302868
1061,high,4,2,0.5,others,-3.951552868
1062,high,4,2,0.5,others,-2.998427868
1063,high,4,2,0.5,others,-2.545302868
1064,high,4,2,0.5,others,-3.795302868
1066,high,4,2,0.5,others,-3.631240368
1067,high,4,2,0.5,others,-1.506240368
1068,high,4,2,0.5,others,-2.998427868
1069,high,4,2,0.5,others,-2.584365368
1070,high,4,2,0.5,others,-2.584365368
1071,high,4,2,0.5,others,-3.795302868
1072,high,4,2,0.5,others,-2.584365368
1073,high,4,2,0.5,others,-4.193740368
1074,high,4,2,0.5,others,-4.928115368
1075,high,4,2,0.5,others,-3.053115368
1076,high,4,2,0.5,others,-1.506240368
1078,high,4,2,0.5,others,-1.506240368
1079,high,4,2,0.5,others,-3.740615368
1080,high,4,2,0.5,others,-3.951552868
1081,high,4,2,0.5,others,-4.193740368
1082,high,4,2,0.5,others,-4.670302868
1083,high,4,2,0.5,others,-1.506240368
1085,high,4,2,0.5,others,-2.545302868
1086,high,4,2,0.5,others,-1.506240368
1087,high,4,2,0.5,others,-1.506240368
1088,high,4,2,0.5,others,-3.568740368
1089,high,4,2,0.5,others,-2.584365368
1090,high,4,2,0.5,others,-3.053115368
1095,high,4,2,0.5,others,-2.904677868
1096,high,4,2,0.5,others,-4.381240368
1097,high,4,2,0.5,others,-2.599990368
1098,high,4,2,0.5,others,-2.904677868
1099,high,4,2,0.5,others,-2.545302868
1100,high,3,2,0.67,others,-4.638124466
1101,high,3,2,0.67,others,-3.794374228
1102,high,3,2,0.67,others,-3.005311728
1103,high,3,2,0.67,others,-3.575624228
1104,high,3,2,0.67,others,-4.395936966
1106,high,3,2,0.67,others,-1.528749228
1107,high,3,2,0.67,others,-3.622499228
1108,high,3,2,0.67,others,-1.528749228
1110,high,3,2,0.67,others,-3.005311728
1111,high,3,2,0.67,others,-1.528749228
1112,high,3,2,0.67,others,-3.005311728
1113,high,3,2,0.67,others,-3.622499228
1115,high,3,2,0.67,others,-3.575624228
1116,high,3,2,0.67,others,-1.528749228
1117,high,3,2,0.67,others,-2.559999228
1118,high,3,2,0.67,others,-2.559999228
1119,high,3,2,0.67,others,-1.528749228
1120,high,3,2,0.67,others,-2.559999228
1122,high,3,2,0.67,others,-1.528749228
1124,high,3,2,0.67,others,-3.005311728
1125,high,3,2,0.67,others,-2.880311728
1126,high,3,2,0.67,others,-3.622499228
1127,high,3,2,0.67,others,-4.130311966
1128,high,3,2,0.67,others,-2.552186728
1129,high,3,2,0.67,others,-1.528749228
1131,high,3,2,0.67,others,-2.552186728
1132,high,3,2,0.67,others,-4.216249466
1134,high,3,2,0.67,others,-3.841249228
1135,high,3,2,0.67,others,-2.559999228
1136,high,3,2,0.67,others,-3.739686728
1137,high,3,2,0.67,others,-1.528749228
1138,high,3,2,0.67,others,-3.942811728
1139,high,3,2,0.67,others,-4.899843216
1140,high,3,2,0.67,others,-3.020936728
1141,high,3,2,0.67,others,-1.528749228
1142,high,3,2,0.67,others,-4.528749466
1143,high,3,2,0.67,others,-4.395936966
1144,high,3,2,0.67,others,-2.552186728
1146,high,3,2,0.67,others,-3.841249228
1147,high,3,2,0.67,others,-2.880311728
1149,high,3,2,0.67,others,-3.841249228
1150,high,3,2,0.67,others,-1.528749228
1151,high,3,2,0.67,others,-1.528749228
1152,high,3,2,0.67,others,-3.794374228
1153,high,3,2,0.67,others,-4.208436966
1154,high,3,2,0.67,others,-2.559999228
1156,high,3,2,0.67,others,-1.528749228
1157,high,3,2,0.67,others,-1.528749228
1158,high,3,2,0.67,others,-3.841249228
1159,high,3,2,0.67,others,-1.528749228
1160,high,3,2,0.67,others,-1.528749228
1161,high,3,2,0.67,others,-2.614686728
1162,high,3,2,0.67,others,-3.841249228
1164,high,3,2,0.67,others,-2.552186728
1165,high,3,2,0.67,others,-3.739686728
1166,high,3,2,0.67,others,-1.528749228
1167,high,3,2,0.67,others,-2.614686728
1168,high,3,2,0.67,others,-2.880311728
1169,high,3,2,0.67,others,-3.005311728
1170,high,3,2,0.67,others,-1.528749228
1171,high,3,2,0.67,others,-3.020936728
1172,high,3,2,0.67,others,-4.638124466
1173,high,3,2,0.67,others,-3.005311728
1176,high,3,2,0.67,others,-2.552186728
1178,high,3,2,0.67,others,-3.575624228
1179,high,3,2,0.67,others,-1.528749228
1181,high,3,2,0.67,others,-1.528749228
1182,high,3,2,0.67,others,-1.528749228
1183,high,3,2,0.67,others,-2.614686728
1185,high,3,2,0.67,others,-3.005311728
1186,high,3,2,0.67,others,-3.005311728
1188,high,3,2,0.67,others,-3.942811728
1189,high,3,2,0.67,others,-2.614686728
1190,high,3,2,0.67,others,-3.794374228
1191,high,3,2,0.67,others,-3.739686728
1193,high,3,2,0.67,others,-2.559999228
1194,high,3,2,0.67,others,-3.005311728
1195,high,3,2,0.67,others,-1.528749228
1196,high,3,2,0.67,others,-2.614686728
1197,high,3,2,0.67,others,-2.552186728
1198,high,3,2,0.67,others,-2.552186728
1199,high,3,2,0.67,others,-2.614686728
1200,high,4,3,0.75,others,-4.182256222
1201,high,4,3,0.75,others,-1.479131341
1202,high,4,3,0.75,others,-1.479131341
1204,high,4,3,0.75,others,-4.842412472
1205,high,4,3,0.75,others,-2.580693722
1206,high,4,3,0.75,others,-3.002568722
1207,high,4,3,0.75,others,-2.932256222
1208,high,4,3,0.75,others,-4.213506222
1209,high,4,3,0.75,others,-1.479131341
1210,high,4,3,0.75,others,-4.842412472
1211,high,4,3,0.75,others,-3.002568722
1212,high,4,3,0.75,others,-1.479131341
1213,high,4,3,0.75,others,-4.943974972
1214,high,4,3,0.75,others,-3.072881222
1215,high,4,3,0.75,others,-1.479131341
1216,high,4,3,0.75,others,-1.479131341
1217,high,4,3,0.75,others,-3.651006222
1219,high,4,3,0.75,others,-2.596318722
1220,high,4,3,0.75,others,-4.213506222
1221,high,4,3,0.75,others,-3.002568722
1223,high,4,3,0.75,others,-1.479131341
1224,high,4,3,0.75,others,-1.479131341
1225,high,4,3,0.75,others,-2.580693722
1226,high,4,3,0.75,others,-2.549443722
1227,high,4,3,0.75,others,-3.072881222
1228,high,4,3,0.75,others,-2.596318722
1229,high,4,3,0.75,others,-4.510381222
1230,high,4,3,0.75,others,-4.111943722
1232,high,4,3,0.75,others,-1.479131341
1233,high,4,3,0.75,others,-2.549443722
1234,high,4,3,0.75,others,-2.580693722
1235,high,4,3,0.75,others,-2.932256222
1237,high,4,3,0.75,others,-2.549443722
1238,high,4,3,0.75,others,-3.822881222
1239,high,4,3,0.75,others,-3.002568722
1240,high,4,3,0.75,others,-3.651006222
1241,high,4,3,0.75,others,-3.072881222
1242,high,4,3,0.75,others,-4.377568722
1243,high,4,3,0.75,others,-1.479131341
1245,high,4,3,0.75,others,-4.721318722
1246,high,4,3,0.75,others,-2.596318722
1250,high,4,3,0.75,others,-3.002568722
1251,high,4,3,0.75,others,-2.580693722
1252,high,4,3,0.75,others,-2.596318722
1253,high,4,3,0.75,others,-1.479131341
1255,high,4,3,0.75,others,-4.377568722
1256,high,4,3,0.75,others,-1.479131341
1257,high,4,3,0.75,others,-2.549443722
1258,high,4,3,0.75,others,-2.932256222
1259,high,4,3,0.75,others,-2.580693722
1261,high,4,3,0.75,others,-2.596318722
1262,high,4,3,0.75,others,-3.822881222
1263,high,4,3,0.75,others,-4.643193722
1265,high,4,3,0.75,others,-3.002568722
1266,high,4,3,0.75,others,-4.510381222
1267,high,4,3,0.75,others,-1.479131341
1268,high,4,3,0.75,others,-3.572881222
1269,high,4,3,0.75,others,-2.549443722
1270,high,4,3,0.75,others,-2.596318722
1271,high,4,3,0.75,others,-1.479131341
1272,high,4,3,0.75,others,-4.674443722
1273,high,4,3,0.75,others,-2.580693722
1274,high,4,3,0.75,others,-4.213506222
1275,high,4,3,0.75,others,-2.580693722
1276,high,4,3,0.75,others,-4.213506222
1277,high,4,3,0.75,others,-2.596318722
1278,high,4,3,0.75,others,-1.479131341
1279,high,4,3,0.75,others,-3.791631222
1281,high,4,3,0.75,others,-3.002568722
1282,high,4,3,0.75,others,-4.213506222
1283,high,4,3,0.75,others,-3.072881222
1284,high,4,3,0.75,others,-3.072881222
1285,high,4,3,0.75,others,-3.822881222
1286,high,4,3,0.75,others,-3.822881222
1287,high,4,3,0.75,others,-3.955693722
1288,high,4,3,0.75,others,-2.549443722
1289,high,4,3,0.75,others,-2.932256222
1290,high,4,3,0.75,others,-2.580693722
1291,high,4,3,0.75,others,-1.479131341
1292,high,4,3,0.75,others,-1.479131341
1293,high,4,3,0.75,others,-2.580693722
1294,high,4,3,0.75,others,-3.072881222
1295,high,4,3,0.75,others,-3.002568722
1296,high,4,3,0.75,others,-1.479131341
1297,high,4,3,0.75,others,-2.932256222
1298,high,4,3,0.75,others,-2.580693722
1300,high,2,2,1,others,-2.59418416
1301,high,2,2,1,others,-2.85199666
1302,high,2,2,1,others,-2.54730916
1304,high,2,2,1,others,-4.832465172
1305,high,2,2,1,others,-2.85199666
1306,high,2,2,1,others,-3.00824666
1307,high,2,2,1,others,-1.53168416
1308,high,2,2,1,others,-3.62543416
1309,high,2,2,1,others,-2.54730916
1310,high,2,2,1,others,-2.85199666
1311,high,2,2,1,others,-2.59418416
1312,high,2,2,1,others,-3.78949666
1313,high,2,2,1,others,-4.523871422
1314,high,2,2,1,others,-1.53168416
1315,high,2,2,1,others,-4.832465172
1316,high,2,2,1,others,-4.523871422
1318,high,2,2,1,others,-3.71918416
1319,high,2,2,1,others,-3.62543416
1320,high,2,2,1,others,-1.53168416
1321,high,2,2,1,others,-1.53168416
1322,high,2,2,1,others,-2.54730916
1323,high,2,2,1,others,-3.00824666
1324,high,2,2,1,others,-1.53168416
1325,high,2,2,1,others,-4.562933922
1326,high,2,2,1,others,-2.59418416
1327,high,2,2,1,others,-1.53168416
1328,high,2,2,1,others,-1.53168416
1330,high,2,2,1,others,-2.85199666
1331,high,2,2,1,others,-2.59418416
1332,high,2,2,1,others,-2.59418416
1333,high,2,2,1,others,-2.59418416
1334,high,2,2,1,others,-2.61762166
1335,high,2,2,1,others,-1.53168416
1337,high,2,2,1,others,-3.00824666
1340,high,2,2,1,others,-1.53168416
1341,high,2,2,1,others,-2.59418416
1342,high,2,2,1,others,-4.832465172
1343,high,2,2,1,others,-2.85199666
1344,high,2,2,1,others,-2.59418416
1345,high,2,2,1,others,-3.00824666
1346,high,2,2,1,others,-3.00824666
1347,high,2,2,1,others,-2.61762166
1348,high,2,2,1,others,-4.832465172
1350,high,2,2,1,others,-1.53168416
1351,high,2,2,1,others,-3.78949666
1352,high,2,2,1,others,-3.00824666
1354,high,2,2,1,others,-1.53168416
1356,high,2,2,1,others,-3.57074666
1357,high,2,2,1,others,-1.53168416
1358,high,2,2,1,others,-3.62543416
1359,high,2,2,1,others,-3.00824666
1362,high,2,2,1,others,-1.53168416
1363,high,2,2,1,others,-2.59418416
1364,high,2,2,1,others,-3.00824666
1365,high,2,2,1,others,-3.00824666
1366,high,2,2,1,others,-4.109808922
1367,high,2,2,1,others,-3.62543416
1368,high,2,2,1,others,-2.61762166
1369,high,2,2,1,others,-2.54730916
1370,high,2,2,1,others,-1.53168416
1371,high,2,2,1,others,-2.85199666
1372,high,2,2,1,others,-1.53168416
1373,high,2,2,1,others,-2.59418416
1374,high,2,2,1,others,-4.656683922
1375,high,2,2,1,others,-3.00824666
1376,high,2,2,1,others,-2.85199666
1377,high,2,2,1,others,-3.57074666
1379,high,2,2,1,others,-1.53168416
1381,high,2,2,1,others,-1.53168416
1382,high,2,2,1,others,-2.59418416
1383,high,2,2,1,others,-4.523871422
1384,high,2,2,1,others,-3.71918416
1385,high,2,2,1,others,-1.53168416
1386,high,2,2,1,others,-3.00824666
1387,high,2,2,1,others,-3.71918416
1389,high,2,2,1,others,-3.00824666
1390,high,2,2,1,others,-3.00824666
1391,high,2,2,1,others,-1.53168416
1394,high,2,2,1,others,-2.61762166
1396,high,2,2,1,others,-2.54730916
1398,high,2,2,1,others,-3.00824666
5,low,10,0,0,certainly not,-2.55953455
21,low,10,0,0,certainly not,-2.55953455
45,low,10,0,0,certainly not,-2.55953455
52,low,10,0,0,certainly not,-2.55953455
65,low,10,0,0,certainly not,-2.55953455
85,low,10,0,0,certainly not,-2.55953455
95,low,10,0,0,certainly not,-2.55953455
99,low,10,0,0,certainly not,-2.55953455
103,low,8,2,0.25,certainly not,-2.472601652
108,low,8,2,0.25,certainly not,-2.472601652
118,low,8,2,0.25,certainly not,-2.472601652
123,low,8,2,0.25,certainly not,-2.472601652
131,low,8,2,0.25,certainly not,-2.472601652
143,low,8,2,0.25,certainly not,-2.472601652
159,low,8,2,0.25,certainly not,-2.472601652
170,low,8,2,0.25,certainly not,-2.472601652
192,low,8,2,0.25,certainly not,-2.472601652
196,low,8,2,0.25,certainly not,-2.472601652
201,low,9,3,0.33,certainly not,-2.495140553
203,low,9,3,0.33,certainly not,-2.495140553
214,low,9,3,0.33,certainly not,-2.495140553
220,low,9,3,0.33,certainly not,-2.495140553
249,low,9,3,0.33,certainly not,-2.495140553
270,low,9,3,0.33,certainly not,-2.495140553
288,low,9,3,0.33,certainly not,-2.495140553
303,low,8,4,0.5,certainly not,-2.484011173
319,low,8,4,0.5,certainly not,-2.484011173
330,low,8,4,0.5,certainly not,-2.484011173
360,low,8,4,0.5,certainly not,-2.484011173
406,low,9,6,0.67,certainly not,-2.487169266
417,low,9,6,0.67,certainly not,-2.487169266
466,low,9,6,0.67,certainly not,-2.487169266
469,low,9,6,0.67,certainly not,-2.487169266
474,low,9,6,0.67,certainly not,-2.487169266
478,low,9,6,0.67,certainly not,-2.487169266
484,low,9,6,0.67,certainly not,-2.487169266
490,low,9,6,0.67,certainly not,-2.487169266
492,low,9,6,0.67,certainly not,-2.487169266
537,low,8,6,0.75,certainly not,-2.47546196
570,low,8,6,0.75,certainly not,-2.47546196
574,low,8,6,0.75,certainly not,-2.47546196
589,low,8,6,0.75,certainly not,-2.47546196
607,low,10,10,1,certainly not,-2.524589062
613,low,10,10,1,certainly not,-2.524589062
617,low,10,10,1,certainly not,-2.524589062
619,low,10,10,1,certainly not,-2.524589062
637,low,10,10,1,certainly not,-2.524589062
662,low,10,10,1,certainly not,-2.524589062
665,low,10,10,1,certainly not,-2.524589062
678,low,10,10,1,certainly not,-2.524589062
690,low,10,10,1,certainly not,-2.524589062
694,low,10,10,1,certainly not,-2.524589062
700,high,2,0,0,certainly not,-2.507034779
734,high,2,0,0,certainly not,-2.507034779
739,high,2,0,0,certainly not,-2.507034779
756,high,2,0,0,certainly not,-2.507034779
764,high,2,0,0,certainly not,-2.507034779
784,high,2,0,0,certainly not,-2.507034779
796,high,2,0,0,certainly not,-2.507034779
818,high,4,1,0.25,certainly not,-2.484062672
821,high,4,1,0.25,certainly not,-2.484062672
837,high,4,1,0.25,certainly not,-2.484062672
838,high,4,1,0.25,certainly not,-2.484062672
881,high,4,1,0.25,certainly not,-2.484062672
888,high,4,1,0.25,certainly not,-2.484062672
932,high,3,1,0.33,certainly not,-2.459572315
957,high,3,1,0.33,certainly not,-2.459572315
959,high,3,1,0.33,certainly not,-2.459572315
964,high,3,1,0.33,certainly not,-2.459572315
970,high,3,1,0.33,certainly not,-2.459572315
975,high,3,1,0.33,certainly not,-2.459572315
999,high,3,1,0.33,certainly not,-2.459572315
1029,high,4,2,0.5,certainly not,-2.474990368
1050,high,4,2,0.5,certainly not,-2.474990368
1058,high,4,2,0.5,certainly not,-2.474990368
1077,high,4,2,0.5,certainly not,-2.474990368
1091,high,4,2,0.5,certainly not,-2.474990368
1092,high,4,2,0.5,certainly not,-2.474990368
1093,high,4,2,0.5,certainly not,-2.474990368
1109,high,3,2,0.67,certainly not,-2.450624228
1114,high,3,2,0.67,certainly not,-2.450624228
1121,high,3,2,0.67,certainly not,-2.450624228
1130,high,3,2,0.67,certainly not,-2.450624228
1133,high,3,2,0.67,certainly not,-2.450624228
1145,high,3,2,0.67,certainly not,-2.450624228
1148,high,3,2,0.67,certainly not,-2.450624228
1163,high,3,2,0.67,certainly not,-2.450624228
1174,high,3,2,0.67,certainly not,-2.450624228
1175,high,3,2,0.67,certainly not,-2.450624228
1177,high,3,2,0.67,certainly not,-2.450624228
1180,high,3,2,0.67,certainly not,-2.450624228
1184,high,3,2,0.67,certainly not,-2.450624228
1218,high,4,3,0.75,certainly not,-2.486943722
1236,high,4,3,0.75,certainly not,-2.486943722
1244,high,4,3,0.75,certainly not,-2.486943722
1247,high,4,3,0.75,certainly not,-2.486943722
1248,high,4,3,0.75,certainly not,-2.486943722
1249,high,4,3,0.75,certainly not,-2.486943722
1254,high,4,3,0.75,certainly not,-2.486943722
1280,high,4,3,0.75,certainly not,-2.486943722
1299,high,4,3,0.75,certainly not,-2.486943722
1303,high,2,2,1,certainly not,-2.46918416
1317,high,2,2,1,certainly not,-2.46918416
1339,high,2,2,1,certainly not,-2.46918416
1349,high,2,2,1,certainly not,-2.46918416
1353,high,2,2,1,certainly not,-2.46918416
1355,high,2,2,1,certainly not,-2.46918416
1378,high,2,2,1,certainly not,-2.46918416
1380,high,2,2,1,certainly not,-2.46918416
1388,high,2,2,1,certainly not,-2.46918416
1392,high,2,2,1,certainly not,-2.46918416
1393,high,2,2,1,certainly not,-2.46918416
1395,high,2,2,1,certainly not,-2.46918416
1397,high,2,2,1,certainly not,-2.46918416
1399,high,2,2,1,certainly not,-2.46918416
75,low,10,0,0,probably not,-4.02047205
102,low,8,2,0.25,probably not,-3.933539152
180,low,8,2,0.25,probably not,-3.933539152
184,low,8,2,0.25,probably not,-3.933539152
233,low,9,3,0.33,probably not,-3.956078053
263,low,9,3,0.33,probably not,-3.956078053
379,low,8,4,0.5,probably not,-3.984011173
421,low,9,6,0.67,probably not,-3.932481766
524,low,8,6,0.75,probably not,-3.92858696
538,low,8,6,0.75,probably not,-3.92858696
651,low,10,10,1,probably not,-3.977714062
671,low,10,10,1,probably not,-3.977714062
753,high,2,0,0,probably not,-4.007034779
867,high,4,1,0.25,probably not,-4.007500172
919,high,3,1,0.33,probably not,-3.951759815
943,high,3,1,0.33,probably not,-3.951759815
972,high,3,1,0.33,probably not,-3.951759815
982,high,3,1,0.33,probably not,-3.951759815
1004,high,4,2,0.5,probably not,-3.998427868
1020,high,4,2,0.5,probably not,-3.998427868
1033,high,4,2,0.5,probably not,-3.998427868
1084,high,4,2,0.5,probably not,-3.998427868
1105,high,3,2,0.67,probably not,-3.942811728
1231,high,4,3,0.75,probably not,-4.018193722
1338,high,2,2,1,probably not,-3.94574666
42,low,10,0,0,possibly,-4.77047205
88,low,10,0,0,possibly,-4.77047205
155,low,8,2,0.25,possibly,-4.621039391
316,low,8,4,0.5,possibly,-4.640261173
333,low,8,4,0.5,possibly,-4.640261173
467,low,9,6,0.67,possibly,-4.682481766
545,low,8,6,0.75,possibly,-4.62389946
584,low,8,6,0.75,possibly,-4.62389946
822,high,4,1,0.25,possibly,-4.655937672
899,high,4,1,0.25,possibly,-4.655937672
1026,high,4,2,0.5,possibly,-4.639052868
1054,high,4,2,0.5,possibly,-4.639052868
1094,high,4,2,0.5,possibly,-4.639052868
1192,high,3,2,0.67,possibly,-4.677186966
1222,high,4,3,0.75,possibly,-4.651006222
1329,high,2,2,1,possibly,-4.648871422
78,low,10,0,0,probably,-4.44234705
82,low,10,0,0,probably,-4.44234705
151,low,8,2,0.25,probably,-4.308539391
165,low,8,2,0.25,probably,-4.308539391
298,low,9,3,0.33,probably,-4.354515553
300,low,8,4,0.5,probably,-4.327761173
461,low,9,6,0.67,probably,-4.354356766
554,low,8,6,0.75,probably,-4.31139946
649,low,10,10,1,probably,-4.423026562
846,high,4,1,0.25,probably,-4.351250172
896,high,4,1,0.25,probably,-4.351250172
1045,high,4,2,0.5,probably,-4.326552868
1065,high,4,2,0.5,probably,-4.326552868
1155,high,3,2,0.67,probably,-4.341249466
1203,high,4,3,0.75,probably,-4.330693722
1260,high,4,3,0.75,probably,-4.330693722
1264,high,4,3,0.75,probably,-4.330693722
1336,high,2,2,1,probably,-4.336371422
1361,high,2,2,1,probably,-4.336371422
63,low,10,0,0,certainly,-4.87984705
458,low,9,6,0.67,certainly,-4.791856766
522,low,8,6,0.75,certainly,-4.74108696
602,low,10,10,1,certainly,-4.821464062
682,low,10,10,1,certainly,-4.821464062
717,high,2,0,0,certainly,-4.870316029
835,high,4,1,0.25,certainly,-4.773125172
925,high,3,1,0.33,certainly,-4.779884815
1123,high,3,2,0.67,certainly,-4.763124466
1187,high,3,2,0.67,certainly,-4.763124466
1360,high,2,2,1,certainly,-4.773871422
